{
    "baseline": {
        "reward_low_FN_rate": {
            "score": -88.0,
            "threshold": 0.6000000000000001
        },
        "reward_low_FP_rate": {
            "score": -44.0,
            "threshold": 0.6000000000000001
        },
        "standard": {
            "score": -44.0,
            "threshold": 0.6000000000000001
        }
    },
    "numenta": {
        "reward_low_FN_rate": {
            "score": 17.30214002766833,
            "threshold": 0.9999755859375006
        },
        "reward_low_FP_rate": {
            "score": 18.37220947661779,
            "threshold": 0.9999877929687505
        },
        "standard": {
            "score": 22.410000000000004,
            "threshold": 0.9999877929687505
        }
    },
    "random": {
        "reward_low_FN_rate": {
            "score": -42.070000000000014,
            "threshold": 0.9984497070312507
        },
        "reward_low_FP_rate": {
            "score": -39.04000000000002,
            "threshold": 0.9995117187500009
        },
        "standard": {
            "score": -22.069999999999993,
            "threshold": 0.9984497070312507
        }
    },
    "skyline": {
        "reward_low_FN_rate": {
            "score": -17.46533695215545,
            "threshold": 0.8000000000000003
        },
        "reward_low_FP_rate": {
            "score": -2.2284422450838086,
            "threshold": 0.9000000000000006
        },
        "standard": {
            "score": -2.67,
            "threshold": 0.8000000000000003
        }
    },
    "twitter": {
        "reward_low_FN_rate": {
            "score": -25.629999999999995,
            "threshold": 0.49999999999999994
        },
        "reward_low_FP_rate": {
            "score": -7.26,
            "threshold": 0.49999999999999994
        },
        "standard": {
            "score": -3.63,
            "threshold": 0.49999999999999994
        }
    },
    "twitterADTs": {
        "reward_low_FN_rate": {
            "score": -39.9892525,
            "threshold": 0.5
        },
        "reward_low_FP_rate": {
            "score": -19.71923553,
            "threshold": 0.5
        },
        "standard": {
            "score": -14.9892525,
            "threshold": 0.5
        }
    },
    "twitterADVec": {
        "reward_low_FN_rate": {
            "score": -30.63914483,
            "threshold": 0.5
        },
        "reward_low_FP_rate": {
            "score": -12.15798656,
            "threshold": 0.5
        },
        "standard": {
            "score": -8.639144834,
            "threshold": 0.5
        }
    }
}